dropoff_quadrant,total_income
NE,7.089910259972903E7
SW,5.7398296669851676E7
SE,3.1761340710014604E7
NW,2.880485307004157E7
Invalid,3751842.4899993953
