dropoff_quadrant,avg_tip,tip_percentage,total_tips,trip_count,tip_skewness,tip_variance
SE,5.409974323451902,0.2947430911568507,6845548.880000128,1265357,1124.877932020041,1.233418612107131E7
Invalid,1.5992404778194735,0.15131573950427982,376331.6700000007,235319,44.22454482500744,12.48324471120189
SW,1.5588054461605874,0.15982425770293748,6355594.300000316,4077221,52.02352397767443,5.428030330512779
NE,1.4564531579834334,0.12738755182145978,7191425.350000583,4937629,14.74688196647861,4.7118228380289775
NW,1.2829170972392971,0.1520712429051164,2865344.0200000806,2233460,12.291722493867741,3.920973048920852
